ra,dec,mjd_i,u,g,r,i,z,objID,err_i,thingID
12.1935701483727,-0.770042645238032,51081.31667745,21.75927,21.19246,20.70415,19.94413,19.34305,1237646010551632134,0.06629809,77759292
12.1950939439868,-0.764287594825808,52522.34884536,22.15461,22.22093,20.48698,19.92493,19.43423,1237659754449142211,0.05425901,77759309
12.2009659783405,-0.773272233183297,52577.23916663,23.903,20.79642,19.4503,18.88034,18.55353,1237660222616633510,0.01376406,77759448
12.2026530459696,-0.76101571666161,52577.23916663,24.12306,22.35831,21.39371,20.81919,20.52089,1237660222616633937,0.08910476,77759456
12.1915513843925,-0.762413731224788,52522.34884536,22.84783,20.571,19.15794,18.44887,18.05918,1237659754449141898,0.01191731,77759278
12.1951060914905,-0.764316376887668,52935.25150889,24.10642,22.26293,20.61634,19.90328,19.4065,1237663525449892329,0.04774133,77759309
12.185511370451,-0.77803957610149,52963.17471733,22.82232,22.8391,21.91402,22.12156,21.58733,1237663783128990205,0.264516,77759373
12.1915475906853,-0.762421939042548,51819.38787794,22.35896,20.52063,19.13752,18.43988,18.05268,1237653011368116342,0.01067939,77759278
12.2026574864019,-0.760956289636722,52931.25456227,24.25874,22.58481,21.44525,20.96817,20.36538,1237663478202040850,0.08174118,77759456
12.205793455421,-0.775694080025738,52577.23916663,22.32031,21.43345,20.06164,19.53624,19.30934,1237660222616633945,0.03820245,77759457
12.2027022992317,-0.761018697402539,54424.20414964,26.47993,22.5875,21.13026,20.52283,20.45639,1237676324423008630,0.1159377,77759456
12.2009414799557,-0.773283268496527,51081.31667745,26.52613,20.82919,19.44675,18.8691,18.55713,1237646010551632018,0.01480111,77759448
12.2026083826411,-0.760989342146167,51819.38787794,22.04855,22.49769,21.11038,20.90665,20.23764,1237653011368116458,0.1029201,77759456
12.1811537406448,-0.779252177817387,52577.23916663,25.50311,22.80906,21.78123,21.31658,21.16348,1237660222616633888,0.1148294,77759369
12.1933222247593,-0.778498789667447,51081.31667745,23.75291,23.54323,22.80219,21.74378,21.36237,1237646010551632035,0.1823368,77759298
12.1915358025042,-0.762419667757569,52586.24410767,23.11446,20.58465,19.16188,18.45733,18.05796,1237660355752755347,0.01134077,77759278
12.1935638513556,-0.770012461723379,52959.19494393,22.55285,22.80998,21.78938,21.20479,20.3274,1237663714409054756,0.07089116,77759292
12.1915386174478,-0.762403571196145,53352.1457467599,22.74633,20.61928,19.16314,18.43779,18.07584,1237667171857727627,0.01041235,77759278
12.1845624504858,-0.761009606997268,52558.3518048,23.94099,24.53548,22.23683,21.6333,22.36824,1237660025045975717,0.1465303,77759387
12.1915380127054,-0.762403755243428,52931.25456227,22.35958,20.55388,19.14664,18.4446,18.0443,1237663478202040453,0.01062582,77759278
12.2010038733844,-0.766937997109994,52959.19494393,23.75963,22.59046,21.83301,21.91911,21.34925,1237663714409054783,0.1348827,77759454
12.1935806382688,-0.76998654954112,54424.20414964,21.2756,21.66333,20.61791,20.10819,19.30777,1237676324423008619,0.1186619,77759292
12.2057809161889,-0.77566926593336,52910.32468387,23.3596,21.42793,20.21763,19.68184,19.33322,1237663276322521388,0.03542132,77759457
12.1811476053531,-0.779210893356283,52931.25456227,25.23261,22.99463,21.67485,21.35408,21.50506,1237663478202040801,0.1064058,77759369
12.1846994498566,-0.761089238565045,52959.19494393,23.06963,23.83924,22.05886,21.17725,20.42437,1237663714409055061,0.1156374,77759387
12.2010243806171,-0.76697522083873,51819.38787794,23.48035,23.05303,21.77873,21.72684,21.48516,1237653011368116769,0.1525003,77759454
12.1929843253045,-0.770274459440667,52931.25456227,24.86395,22.81289,21.69849,22.66166,21.61839,1237663478202040832,0.3928978,77759293
12.2026306538799,-0.761054289892986,52935.25150889,22.70715,22.56799,21.54478,21.03611,20.48387,1237663525449892347,0.08818443,77759456
12.1811557375907,-0.779301435135408,54424.20414964,24.96645,24.08977,21.51353,21.31065,21.11378,1237676324423008600,0.1707144,77759369
12.201022954055,-0.766972105740319,52522.34884536,24.87881,22.50557,21.69432,21.79276,21.10449,1237659754449142221,0.2004914,77759454
12.2058013184858,-0.775713481617306,52552.3435115,21.83093,21.13195,19.80993,19.38459,18.92661,1237659904789643549,0.03837165,77759457
12.1915275629676,-0.762400080030747,52558.3518048,24.48018,20.61217,19.17051,18.44757,18.02864,1237660025045975156,0.01050184,77759278
12.2009799051422,-0.766957194071921,52558.3518048,22.70744,22.40866,21.54496,21.43899,20.80748,1237660025045975445,0.1459811,77759454
12.200948755427,-0.773292020148001,52586.24410767,23.6126,20.83433,19.47859,18.86106,18.57139,1237660355752755718,0.01480453,77759448
12.2026432424598,-0.761021452834342,52959.19494393,23.30004,22.55828,21.37704,20.92175,20.35318,1237663714409054788,0.06776319,77759456
12.2057704333166,-0.775668628339567,52959.19494393,21.84118,21.09292,19.78981,19.31542,18.91833,1237663714409054795,0.03505253,77759457
12.1950980276639,-0.764272005622041,52959.19494393,24.42933,22.12012,20.54388,19.85134,19.43488,1237663714409054763,0.03658504,77759309
12.1811466651656,-0.779219198314721,52959.19494393,24.11746,22.62281,21.76819,21.52473,21.02332,1237663714409054713,0.09302525,77759369
12.1930151932347,-0.775821756343898,52963.17471733,26.6515,23.8078,23.24118,21.30709,20.67883,1237663783128990924,0.1905084,77759301
12.1950882925345,-0.764253146509455,53352.1457467599,24.46351,22.1816,20.81395,20.03983,19.58439,1237667171857727985,0.0408848,77759309
12.2057807521353,-0.775644266157207,54424.20414964,26.3586,21.26916,20.01929,19.709,19.21485,1237676324423008458,0.06099876,77759457
12.200948720418,-0.773287471498822,52552.3435115,25.30144,20.82941,19.48489,18.91967,18.55054,1237659904789643536,0.01311389,77759448
12.2057648999269,-0.775684909204403,52558.3518048,25.46913,21.5854,20.12106,19.59609,19.31406,1237660025045975458,0.03775389,77759457
12.1951308591654,-0.764242512889615,52577.23916663,26.01889,22.18303,20.65885,19.91474,19.37341,1237660222616633921,0.04406271,77759309
12.1852861076808,-0.778061534716049,54424.20414964,26.36089,22.92201,22.64267,20.82817,21.50277,1237676324423008805,0.1670721,77181638
12.2009516954163,-0.773301022735764,51819.38787794,22.87521,20.70358,19.45999,18.87506,18.50078,1237653011368116345,0.01412447,77759448
12.1935730791698,-0.769971861441486,52558.3518048,22.3145,22.24404,21.58716,20.63114,20.00735,1237660025045975426,0.06164547,77759292
12.1847350779935,-0.760992937360066,52577.23916663,23.74372,24.27771,22.34896,21.61492,21.02106,1237660222616634121,0.1626886,77759387
12.1935845678398,-0.770004684471313,52931.25456227,22.46719,22.29894,21.7385,20.8508,20.43561,1237663478202040831,0.07196373,77759292
12.2057913717187,-0.775660646762757,53352.1457467599,22.25677,21.40151,20.11993,19.6861,19.30553,1237667171857728016,0.04842999,77759457
12.1811339862364,-0.779224919524276,51819.38746331,23.11266,22.84747,21.46331,21.02031,20.47272,1237653011368051353,0.1152677,77759369
12.1853854427021,-0.778025466592051,52558.3518048,22.16106,22.61235,21.90607,21.67765,23.8322,1237660025045975406,0.1932903,77759373
12.1935731019665,-0.769980213592133,52586.24410767,21.72761,21.4708,20.65679,20.12405,19.42412,1237660355752755699,0.08018738,77759292
12.2010236275542,-0.76696146983634,52931.25456227,22.93185,22.63763,22.07961,21.55202,22.1462,1237663478202040848,0.121295,77759454
12.1870563811771,-0.761527298566675,52963.17471733,24.51909,25.06719,25.00692,22.6452,23.23518,1237663783128990796,0.203322,77759296
12.1915471794889,-0.762405206511125,54424.20414964,26.04063,20.52001,19.172,18.42946,18.03406,1237676324423008353,0.01257118,77759278
12.1951208776046,-0.764270758868803,51819.38787794,22.18901,21.92889,20.09575,19.50706,18.96039,1237653011368116441,0.04594097,77759309
12.1811297118133,-0.7792206351201,52586.24410767,25.18722,22.72997,21.69947,21.45724,21.54305,1237660355752755668,0.1335528,77759369
12.1915310652693,-0.762400420924592,52963.17471733,23.19029,20.60988,19.17842,18.44557,18.05132,1237663783128989841,0.009835401,77759278
12.1853695550393,-0.77799905784529,51136.16648779,22.95147,22.12237,22.62071,22.23727,20.59889,1237646646197551498,0.5838716,77759373
12.1846663633245,-0.760802743521983,52910.32426924,25.40918,23.60299,22.0867,21.5816,21.24411,1237663276322456367,0.1741557,77759387
12.1853944197843,-0.778030959498747,52959.19494393,23.34887,22.72457,22.0338,22.5724,22.43062,1237663714409054732,0.3454455,77759373
12.195094645599,-0.764276717690277,52552.3435115,24.75677,22.40821,20.73165,20.00008,19.65185,1237659904789643523,0.03941663,77759309
12.1929144169075,-0.770279493892621,52558.3518048,23.70894,22.84148,22.07201,21.99115,22.37085,1237660025045975427,0.1705243,77759293
12.2009416422495,-0.773281412940193,52558.3518048,23.14467,20.81943,19.46765,18.88577,18.50984,1237660025045975160,0.01354242,77759448
12.1951078027467,-0.764278157346676,52586.24410767,23.84966,22.21991,20.5816,19.86424,19.32051,1237660355752755707,0.05287241,77759309
12.1950984361749,-0.764268810769608,54424.20414964,24.45111,22.7824,20.81441,20.1375,19.65714,1237676324423008620,0.06288991,77759309
12.2010432837461,-0.766991518857833,52577.23916663,22.43838,22.95518,21.74093,21.4561,20.83726,1237660222616633932,0.125273,77759454
12.2026206247552,-0.761024317049032,52910.32468387,22.66398,22.76787,21.51202,21.12988,20.68991,1237663276322521383,0.07716565,77759456
12.205765566447,-0.775672680039515,52963.17471733,22.09015,21.12297,19.83729,19.4788,19.02305,1237663783128990278,0.03701902,77759457
12.1811443015039,-0.779234988019084,52552.34309687,24.80717,22.65999,21.7763,21.5965,20.76089,1237659904789578333,0.1031608,77759369
12.2009526362623,-0.773278422945448,52910.32468387,23.11351,20.80604,19.47585,18.81547,18.55103,1237663276322521229,0.01240929,77759448
12.1935750621962,-0.769990690432113,53352.1457467599,22.35293,21.87422,21.09495,20.58514,19.83834,1237667171857727978,0.07406912,77759292
12.1854192899024,-0.777962413636731,51819.38746331,22.81297,23.04749,21.90979,21.67028,21.68845,1237653011368051361,0.1924773,77759373
12.2010136448829,-0.766937065563855,52586.24410767,24.01273,22.72743,21.93983,21.6623,22.0226,1237660355752755719,0.1538095,77759454
12.1929772323028,-0.770194835112213,52959.19494393,24.13992,22.19938,21.94816,21.46322,21.80186,1237663714409054757,0.1316031,77759293
12.2009965920899,-0.766984123276794,52552.3435115,22.71591,22.59061,21.71587,21.55114,21.60505,1237659904789643537,0.1150193,77759454
12.1846070984848,-0.76123774095369,52935.25150889,23.79869,25.89575,23.22468,21.40767,21.91231,1237663525449892624,0.1706475,77759387
12.2026142446109,-0.76102858203441,51081.31667745,25.69898,22.17241,21.28705,20.78223,20.46297,1237646010551632149,0.0900339,77759456
12.1929982521561,-0.770295070060843,52577.23916663,24.07817,23.13985,22.16837,22.13825,21.91788,1237660222616633916,0.1947138,77759293
12.1935589039807,-0.770019697499368,52935.25150889,22.06382,21.25231,20.56947,20.17041,19.21928,1237663525449892326,0.08429165,77759292
12.1854305739666,-0.778037918227939,51081.31667745,24.77038,22.78869,22.29078,22.27963,23.23129,1237646010551632378,0.2964308,77759373
12.1846675656878,-0.760898305313695,52522.34884536,25.2204,24.95409,22.8384,21.46883,21.04351,1237659754449142511,0.1636399,77759387
12.2009586025546,-0.773285938723161,52522.34884536,24.31465,20.87778,19.46574,18.85806,18.56918,1237659754449141901,0.01573254,77759448
12.200954747007,-0.773283952690654,52931.25456227,23.1395,20.76197,19.43592,18.8714,18.55147,1237663478202040454,0.01405119,77759448
12.1915359394577,-0.762407654229409,52959.19494393,23.53694,20.55283,19.17515,18.44483,18.03011,1237663714409054353,0.009849335,77759278
12.1931872065929,-0.778434756275137,52963.17471733,24.54735,24.58675,23.00985,22.333,21.65504,1237663783128990800,0.195091,77759298
12.1951039913282,-0.764276109133986,52963.17471733,23.59949,22.12847,20.67326,20.11546,19.66914,1237663783128990241,0.0367945,77759309
12.1811621798277,-0.779211814793511,53352.1457467599,24.63193,23.05715,21.91352,21.66154,21.20743,1237667171857727947,0.115937,77759369
12.2009623864359,-0.773283382458668,53352.1457467599,24.81093,20.85873,19.45208,18.85015,18.5251,1237667171857727629,0.01316836,77759448
12.1811409594544,-0.779198851305396,51136.16648779,25.93453,22.93521,21.89071,21.57713,21.0547,1237646646197551493,0.1737499,77759369
12.1935585596158,-0.769992865785299,52552.34309687,22.34264,21.71053,20.85894,20.23252,19.51501,1237659904789578364,0.06052143,77759292
12.1931679372663,-0.778487363430814,52910.32426924,25.20321,23.34302,23.28584,21.7168,21.84654,1237663276322456572,0.1914441,77759298
12.1935676673466,-0.769989795092232,52963.17471733,22.81503,22.45879,21.49525,20.71774,19.88214,1237663783128990232,0.0588513,77759292
12.1811377601136,-0.779221255023848,52963.17471733,26.08843,23.09979,21.93338,21.32396,21.43421,1237663783128990191,0.06695333,77759369
12.1845987516392,-0.761016739330945,52552.34309687,23.50979,23.48765,22.58839,21.40445,21.07976,1237659904789578671,0.1340383,77759387
12.2026211953241,-0.761021939162987,52558.3518048,23.3044,22.55696,21.6223,21.12341,20.71069,1237660025045975451,0.08382758,77759456
12.184695874696,-0.761032928261352,52963.17471733,24.97148,23.74259,22.36592,21.65346,21.61478,1237663783128990605,0.1163478,77759387
12.200992762692,-0.76707959931937,51136.16648779,23.42357,22.68854,22.27892,21.19818,21.97207,1237646646197551759,0.179675,77759454
12.2057767063628,-0.775686010044745,51819.38787794,22.61819,21.22775,20.03094,19.56398,19.12982,1237653011368116466,0.04047803,77759457
12.2009595527734,-0.77329344794788,52935.25150889,22.58746,20.77569,19.47966,18.8956,18.53795,1237663525449892343,0.01477871,77759448
12.1951240052198,-0.760033652588261,52959.19494393,24.46387,23.53018,23.14399,22.55986,22.36158,1237663714409055250,0.2043578,77759312
12.1951275604333,-0.759902609581207,52963.17471733,25.69561,24.45653,23.32349,23.75148,20.25776,1237663783128990882,0.5238782,77759312
12.2010623680636,-0.766997984006289,51081.31667745,24.30854,22.72146,21.62584,21.99656,21.96548,1237646010551632144,0.3044941,77759454
12.2009536296656,-0.77328871887291,51136.16648779,25.63313,20.82552,19.44846,18.86067,18.55961,1237646646197551228,0.01725091,77759448
12.1950805170989,-0.764277106802912,52558.3518048,24.60951,22.22205,20.60921,19.98376,19.3469,1237660025045975431,0.04523164,77759309
12.193005460241,-0.775815098500317,52959.19494393,24.26989,25.1305,22.5364,22.19699,21.57322,1237663714409055340,0.2820415,77759301
12.2026475402075,-0.761001600122195,53352.1457467599,23.24111,22.27482,21.09154,20.79708,20.30515,1237667171857728005,0.09170268,77759456
12.2057836149896,-0.775694127707269,51081.31667745,22.83217,21.22721,20.06603,19.72955,19.48229,1237646010551632157,0.04603041,77759457
12.1915438950351,-0.762411299664434,51136.16648779,22.63919,20.47032,19.14709,18.44366,18.00173,1237646646197551217,0.01282711,77759278
12.2009704172905,-0.773287157398454,54424.20414964,21.95731,20.76509,19.45793,18.84919,18.49583,1237676324423008451,0.01679055,77759448
12.1915373127231,-0.762408748220929,51081.31667745,22.64666,20.5367,19.16268,18.46735,18.03706,1237646010551631998,0.01109915,77759278
12.193555150056,-0.770003689749075,51819.38787794,21.96305,21.55314,20.93182,20.21065,19.74897,1237653011368116438,0.0695263,77759292
12.19361503707,-0.769996693444587,52522.34884536,21.64928,21.76975,20.99084,20.19212,19.72328,1237659754449142208,0.07065767,77759292
12.202662255537,-0.761050418491439,52522.34884536,23.97536,22.38675,21.56475,21.0001,21.25062,1237659754449142225,0.0995203,77759456
12.1915314310936,-0.762405049101548,52552.34309687,23.77072,20.58889,19.17995,18.48582,18.11917,1237659904789577898,0.01029362,77759278
12.1811598024919,-0.779219879026939,52558.3518048,24.06612,22.8779,21.7992,21.41175,21.51647,1237660025045975396,0.1001505,77759369
12.1929125976962,-0.770236897176999,52963.17471733,22.90864,22.3552,21.83383,21.61719,22.00024,1237663783128990233,0.149433,77759293
12.1854480160578,-0.778056720597973,52586.24410767,22.88286,22.5819,21.38492,21.86213,20.55218,1237660355752755683,0.4454098,77759373
12.1915312811338,-0.762400472187254,52910.32426924,23.22427,20.55268,19.10714,18.42229,18.01543,1237663276322455724,0.0100239,77759278
12.1951045975374,-0.764252314443335,52910.32426924,23.77614,21.78627,20.58675,19.86727,19.36214,1237663276322456190,0.0382957,77759309
12.1854170265325,-0.778030565989335,52931.25456227,23.09883,23.17884,22.52298,22.32567,23.84864,1237663478202041043,0.2443286,77759373
12.2009434703271,-0.773275391060107,52963.17471733,24.09379,20.81712,19.49354,18.88639,18.51126,1237663783128989873,0.01226308,77759448
12.1951143195518,-0.764291799580486,51136.16648779,22.45762,21.95765,20.38105,19.67822,19.33129,1237646646197551511,0.05412269,77759309
12.2057545201003,-0.775694543117035,51136.16648779,22.21294,21.45524,20.17492,19.90706,19.34075,1237646646197551529,0.058876,77759457
12.1930036845732,-0.778456016930352,52558.3518048,23.62774,23.49741,23.16379,21.32533,21.91969,1237660025045975858,0.1686135,77759298
12.2025752050621,-0.761045683386606,52586.24410767,22.74272,22.52848,21.51885,21.08998,20.86504,1237660355752755723,0.1204479,77759456
12.1935973188868,-0.769947284666886,52910.32426924,23.40674,23.39971,21.8544,21.0995,20.47848,1237663276322456185,0.07143638,77759292
12.2010481155067,-0.766963209336876,52910.32468387,22.60049,23.21206,21.94641,21.80313,21.25499,1237663276322521718,0.1361312,77759454
12.1811671733849,-0.779221727761602,52935.25150889,25.96773,22.65272,21.763,21.35887,21.22215,1237663525449892301,0.1159472,77759369
12.202618421209,-0.761028638894609,52963.17471733,24.84276,22.60904,21.38709,21.00854,20.49966,1237663783128990267,0.06910123,77759456
12.1935456089464,-0.77002441070659,51136.16648779,23.6896,21.62136,20.89614,20.44773,19.48516,1237646646197551509,0.1030865,77759292
12.2057953700096,-0.775683849489467,52522.34884536,22.9183,21.16721,20.00027,19.51894,19.04431,1237659754449142229,0.04807318,77759457
12.193610643013,-0.769995382814116,52577.23916663,22.83411,22.0626,21.25747,20.50607,20.06974,1237660222616633915,0.06600522,77759292
12.18529352896,-0.778057445397427,52935.25150889,21.54635,22.86104,22.29001,21.65778,20.24883,1237663525449892692,0.2954103,77759373
12.2009847799911,-0.766970612161932,52963.17471733,22.92924,22.40606,21.85448,21.79327,21.36826,1237663783128990257,0.1182462,77759454
12.1853564589336,-0.778050977546455,53352.1457467599,23.33966,22.89705,22.29333,22.10192,21.86506,1237667171857727963,0.2103789,77759373
12.1951077256408,-0.764297903812185,51081.31667745,25.71284,21.84109,20.43816,19.68906,19.17175,1237646010551632137,0.04606465,77759309
12.1811824111983,-0.779275275026405,52522.34884536,22.07763,23.08039,21.6423,21.76757,21.30969,1237659754449142403,0.2053846,77759369
12.1811332607942,-0.779229525856865,51081.31667745,25.45731,22.93843,21.68538,21.44004,20.91657,1237646010551632372,0.1405059,77759369
12.1853997939903,-0.778012772458183,52577.23916663,25.16983,23.03275,22.65933,22.49909,21.76706,1237660222616633900,0.260314,77759373
12.2057399393246,-0.775674388174056,52586.24410767,22.97198,21.52169,20.09993,19.67123,19.19611,1237660355752755730,0.0500366,77759457
12.2057724964461,-0.775677179893953,52935.25150889,21.67248,21.32413,20.08904,19.55924,19.07297,1237663525449892354,0.04379594,77759457
12.2009899497348,-0.766969226668103,54424.20414964,26.54631,22.35649,21.84034,21.37804,21.76219,1237676324423008628,0.1497919,77759454
12.1853483083181,-0.778031466364202,52552.34309687,24.01253,22.81611,22.66423,22.4433,22.25298,1237659904789578346,0.2367512,77759373
12.2026351347481,-0.760987906583994,52552.3435115,23.08579,22.51067,21.55315,21.09669,21.2547,1237659904789643543,0.0761821,77759456
12.1929972961936,-0.770220524792133,52910.32426924,22.86092,22.1307,21.83696,21.68833,21.98219,1237663276322456186,0.1638383,77759293
12.1931204145069,-0.778463184302369,52931.25456227,26.15975,22.75317,22.42788,20.82343,22.09938,1237663478202041164,0.1328319,77759298
12.2058100233681,-0.775671944310135,52931.25456227,23.53321,21.48579,20.30909,19.80914,19.53165,1237663478202040861,0.04185668,77759457
12.2026652299967,-0.761078650433305,51136.16648779,25.27972,22.3672,21.25754,21.08965,20.87447,1237646646197551524,0.1464734,77759456
12.1811313952819,-0.779196145911306,52910.32426924,23.90458,22.83997,21.78269,21.43846,21.39367,1237663276322456157,0.09003729,77759369
12.1853397225081,-0.778029431226781,52910.32426924,22.86891,22.93125,22.57598,21.99155,21.74805,1237663276322456491,0.2026747,77759373
12.1846822302541,-0.76092948403363,52931.25456227,24.23199,24.07164,22.56149,21.88854,20.76796,1237663478202041042,0.1745281,77759387
12.1951150670088,-0.764321145178403,52931.25456227,24.99868,22.19015,20.62129,19.98628,19.49894,1237663478202040837,0.04503281,77759309
12.1915407365239,-0.762420732955953,52935.25150889,23.91851,20.54978,19.15638,18.47059,18.00953,1237663525449891999,0.0113614,77759278
12.1920461023739,-0.758729269516743,52963.17471733,24.0982,24.07768,23.98048,24.85187,19.15357,1237663783128990880,0.5793985,77759300
12.2010109973105,-0.766962277708453,53352.1457467599,22.60091,23.215,22.07482,21.78308,21.24024,1237667171857728259,0.1284973,77759454
12.1915560792385,-0.762401325429338,52577.23916663,23.63545,20.5896,19.16017,18.45182,18.12684,1237660222616633509,0.0105258,77759278
12.2009634806629,-0.766987091194229,52935.25150889,24.25443,22.9261,21.91463,21.87041,22.13352,1237663525449892345,0.1779892,77759454
12.2009523328591,-0.773287897300757,52959.19494393,24.85756,20.77486,19.46156,18.86186,18.48039,1237663714409054355,0.01222008,77759448
