ra,dec,mjd_u,u,g,r,i,z,objID
12.1846822302541,-0.76092948403363,52931.25539154,24.23199,24.07164,22.56149,21.88854,20.76796,1237663478202041042
12.1870563811771,-0.761527298566675,52963.1755465901,24.51909,25.06719,25.00692,22.6452,23.23518,1237663783128990796
12.1915275629676,-0.762400080030747,52558.35263407,24.48018,20.61217,19.17051,18.44757,18.02864,1237660025045975156
12.1915310652693,-0.762400420924592,52963.1755465901,23.19029,20.60988,19.17842,18.44557,18.05132,1237663783128989841
12.1915312811338,-0.762400472187254,52910.32509851,23.22427,20.55268,19.10714,18.42229,18.01543,1237663276322455724
12.1915314310936,-0.762405049101548,52552.34392614,23.77072,20.58889,19.17995,18.48582,18.11917,1237659904789577898
12.1915358025042,-0.762419667757569,52586.24493694,23.11446,20.58465,19.16188,18.45733,18.05796,1237660355752755347
12.1915359394577,-0.762407654229409,52959.1957731901,23.53694,20.55283,19.17515,18.44483,18.03011,1237663714409054353
12.1915373127231,-0.762408748220929,51081.31750627,22.64666,20.5367,19.16268,18.46735,18.03706,1237646010551631998
12.1915380127054,-0.762403755243428,52931.25539154,22.35958,20.55388,19.14664,18.4446,18.0443,1237663478202040453
12.1915386174478,-0.762403571196145,53352.14657602,22.74633,20.61928,19.16314,18.43779,18.07584,1237667171857727627
12.1915407365239,-0.762420732955953,52935.25233815,23.91851,20.54978,19.15638,18.47059,18.00953,1237663525449891999
12.1915438950351,-0.762411299664434,51136.16731706,22.63919,20.47032,19.14709,18.44366,18.00173,1237646646197551217
12.1915471794889,-0.762405206511125,54424.2049789,26.04063,20.52001,19.172,18.42946,18.03406,1237676324423008353
12.1915475906853,-0.762421939042548,51819.38870721,22.35896,20.52063,19.13752,18.43988,18.05268,1237653011368116342
12.1915513843925,-0.762413731224788,52522.34967462,22.84783,20.571,19.15794,18.44887,18.05918,1237659754449141898
12.1915560792385,-0.762401325429338,52577.2399959,23.63545,20.5896,19.16017,18.45182,18.12684,1237660222616633509
12.1929144169075,-0.770279493892621,52558.35263407,23.70894,22.84148,22.07201,21.99115,22.37085,1237660025045975427
12.1929982521561,-0.770295070060843,52577.2399959,24.07817,23.13985,22.16837,22.13825,21.91788,1237660222616633916
12.1951240052198,-0.760033652588261,52959.1957731901,24.46387,23.53018,23.14399,22.55986,22.36158,1237663714409055250
12.2009414799557,-0.773283268496527,51081.31750627,26.52613,20.82919,19.44675,18.8691,18.55713,1237646010551632018
12.2009416422495,-0.773281412940193,52558.35263407,23.14467,20.81943,19.46765,18.88577,18.50984,1237660025045975160
12.2009434703271,-0.773275391060107,52963.1755465901,24.09379,20.81712,19.49354,18.88639,18.51126,1237663783128989873
12.200948720418,-0.773287471498822,52552.34434077,25.30144,20.82941,19.48489,18.91967,18.55054,1237659904789643536
12.200948755427,-0.773292020148001,52586.24493694,23.6126,20.83433,19.47859,18.86106,18.57139,1237660355752755718
12.2009516954163,-0.773301022735764,51819.38870721,22.87521,20.70358,19.45999,18.87506,18.50078,1237653011368116345
12.2009523328591,-0.773287897300757,52959.1957731901,24.85756,20.77486,19.46156,18.86186,18.48039,1237663714409054355
12.2009526362623,-0.773278422945448,52910.3255131401,23.11351,20.80604,19.47585,18.81547,18.55103,1237663276322521229
12.2009536296656,-0.77328871887291,51136.16731706,25.63313,20.82552,19.44846,18.86067,18.55961,1237646646197551228
12.200954747007,-0.773283952690654,52931.25539154,23.1395,20.76197,19.43592,18.8714,18.55147,1237663478202040454
12.2009586025546,-0.773285938723161,52522.34967462,24.31465,20.87778,19.46574,18.85806,18.56918,1237659754449141901
12.2009595527734,-0.77329344794788,52935.25233815,22.58746,20.77569,19.47966,18.8956,18.53795,1237663525449892343
12.2009623864359,-0.773283382458668,53352.14657602,24.81093,20.85873,19.45208,18.85015,18.5251,1237667171857727629
12.2009659783405,-0.773272233183297,52577.2399959,23.903,20.79642,19.4503,18.88034,18.55353,1237660222616633510
12.2009704172905,-0.773287157398454,54424.2049789,21.95731,20.76509,19.45793,18.84919,18.49583,1237676324423008451
12.2010109973105,-0.766962277708453,53352.14657602,22.60091,23.215,22.07482,21.78308,21.24024,1237667171857728259
12.2010236275542,-0.76696146983634,52931.25539154,22.93185,22.63763,22.07961,21.55202,22.1462,1237663478202040848
12.2084458399399,-0.765208519021437,52910.3255131401,22.99198,23.13426,22.31773,21.75219,21.33461,1237663276322521730
12.2085091614428,-0.761700478457412,52558.35263407,18.25472,16.5106,15.84927,15.60084,15.50206,1237660025045975054
12.2085134608572,-0.761703260785766,52963.1755465901,18.28358,16.51431,15.85187,15.61251,15.50188,1237663783128989723
12.2085152871892,-0.761691173337568,51081.31750627,18.26811,16.49897,15.83777,15.60233,15.482,1237646010551631882
12.2085167360447,-0.761706443337764,52552.34434077,18.31023,16.51921,15.86148,15.64092,15.55428,1237659904789643274
12.2085178338898,-0.761713104331881,52586.24493694,18.24804,16.51078,15.85814,15.61652,15.50253,1237660355752755212
12.2085193438077,-0.761704965088926,51136.16731706,18.26233,16.51163,15.84893,15.61276,15.5083,1237646646197551142
12.2085200889159,-0.761709952492136,52959.1957731901,18.28991,16.49774,15.8518,15.60936,15.50076,1237663714409054248
12.2085205090959,-0.761703393326544,52910.3255131401,18.27837,16.48365,15.85264,15.59875,15.49483,1237663276322521098
12.2085206553228,-0.76171442853569,51819.38870721,18.23791,16.50461,15.85071,15.61847,15.47503,1237653011368116237
12.2085211508814,-0.761704412715665,52931.25539154,18.24065,16.49856,15.84345,15.60862,15.48605,1237663478202040362
12.2085233481783,-0.761721899991063,52935.25233815,18.25447,16.5209,15.85041,15.62156,15.4956,1237663525449891891
12.2085315263575,-0.761698739377278,53352.14657602,18.29063,16.51028,15.80803,15.60776,15.50223,1237667171857727524
12.2085317591282,-0.761709909702817,52522.34967462,18.2573,16.49529,15.83954,15.6142,15.49094,1237659754449141803
12.2085368265838,-0.761721290085992,54424.2049789,18.28394,16.51251,15.84559,15.60167,15.48552,1237676324423008302
12.2085380955822,-0.761703704150392,52577.2399959,18.25271,16.51437,15.84881,15.60537,15.52215,1237660222616633405
12.2085459389346,-0.765185600374447,52931.25539154,22.89706,23.9321,22.28886,21.89078,21.30576,1237663478202041066
